section,requirement,feature,status,implemented_and_verified_scope,limitation,implementation,evidence
0,ABSOLUTE NON-NEGOTIABLE RULES,Data privacy and integrity,PASS,Passwords/contact fields removed; formula-safe exports; fixed trusted models; no arbitrary execution; labelled demo preserved by explicit user instruction.,,services/privacy.py; services/verified_data.py; services/query_engine.py; scripts/security_audit.py,tests/test_master_features.py; tests/test_release_security.py; tests/test_release_edges.py
1,TECHNOLOGY RULE — PYTHON ONLY,Preserved application and presentation,PASS,"Existing Python/Streamlit application, public/login/workspace UI, themes, grouped navigation and reduced motion preserved.",,app.py; components/app_shell.py; components/navigation.py; styles/; views/,tests/test_app.py; metadata/master_browser_qa.json; metadata/chart_controls_qa.json
2,EXISTING DATA FILES,Registry and safe data lab,PASS,"Validated project sources and session-only CSV/TSV/XLSX/JSON/Parquet imports, bounded profiling, field/filter controls and recovery states.",,services/upload_service.py; services/data_profile.py; services/dataset_catalog.py; views/uploads.py; PROJECT_INVENTORY.md,tests/test_master_features.py; tests/test_uploads.py; metadata/uploads_browser_qa.json
3,DATASET ENCODING,Registry and safe data lab,PASS,"Validated project sources and session-only CSV/TSV/XLSX/JSON/Parquet imports, bounded profiling, field/filter controls and recovery states.",,services/upload_service.py; services/data_profile.py; services/dataset_catalog.py; views/uploads.py; PROJECT_INVENTORY.md,tests/test_master_features.py; tests/test_uploads.py; metadata/uploads_browser_qa.json
4,MAIN DATASET SCHEMA,Registry and safe data lab,BLOCKED,"Validated project sources and session-only CSV/TSV/XLSX/JSON/Parquet imports, bounded profiling, field/filter controls and recovery states.",Dynamic inspection of supplied processed tables works; the original field-complete DataCo CSV is absent.,services/upload_service.py; services/data_profile.py; services/dataset_catalog.py; views/uploads.py; PROJECT_INVENTORY.md,tests/test_master_features.py; tests/test_uploads.py; metadata/uploads_browser_qa.json
5,DATA PRIVACY / SECURITY,Data privacy and integrity,PASS,Passwords/contact fields removed; formula-safe exports; fixed trusted models; no arbitrary execution; labelled demo preserved by explicit user instruction.,,services/privacy.py; services/verified_data.py; services/query_engine.py; scripts/security_audit.py,tests/test_master_features.py; tests/test_release_security.py; tests/test_release_edges.py
6,DATA RELATIONSHIPS,Relationships and supported geography,BLOCKED,Null/type/cardinality/coverage validation; one-to-one joins and explicit child aggregation; separate grains; maps require supplied valid coordinates.,Registered order/scored joins and explicit safe joins work. Full customers/products/order-items/access-log relationships require the original raw files and validated keys.,services/relationships.py; services/profitability_data.py; views/data_tools.py; views/geography.py,tests/test_master_features.py; tests/test_final_delivery.py; metadata/master_data_qa.json
7,TOKENIZED ACCESS LOGS,Relationships and supported geography,BLOCKED,Null/type/cardinality/coverage validation; one-to-one joins and explicit child aggregation; separate grains; maps require supplied valid coordinates.,tokenized_access_logs.csv was not found. Supplied product/day forecasts and registered history are used instead; no fabricated raw-log linkage.,services/relationships.py; services/profitability_data.py; views/data_tools.py; views/geography.py,tests/test_master_features.py; tests/test_final_delivery.py; metadata/master_data_qa.json
8,DESCRIPTION DATA,Registry and safe data lab,BLOCKED,"Validated project sources and session-only CSV/TSV/XLSX/JSON/Parquet imports, bounded profiling, field/filter controls and recovery states.",DescriptionDataCoSupplyChain.csv was not found. Generated schema documentation records actual types rather than inventing official meanings.,services/upload_service.py; services/data_profile.py; services/dataset_catalog.py; views/uploads.py; PROJECT_INVENTORY.md,tests/test_master_features.py; tests/test_uploads.py; metadata/uploads_browser_qa.json
9,DATE PROCESSING,Registry and safe data lab,PASS,"Validated project sources and session-only CSV/TSV/XLSX/JSON/Parquet imports, bounded profiling, field/filter controls and recovery states.",,services/upload_service.py; services/data_profile.py; services/dataset_catalog.py; views/uploads.py; PROJECT_INVENTORY.md,tests/test_master_features.py; tests/test_uploads.py; metadata/uploads_browser_qa.json
10,APPLICATION NAME,Preserved application and presentation,PASS,"Existing Python/Streamlit application, public/login/workspace UI, themes, grouped navigation and reduced motion preserved.",,app.py; components/app_shell.py; components/navigation.py; styles/; views/,tests/test_app.py; metadata/master_browser_qa.json; metadata/chart_controls_qa.json
11,REFERENCE UI DESIGN,Preserved application and presentation,PASS,"Existing Python/Streamlit application, public/login/workspace UI, themes, grouped navigation and reduced motion preserved.",,app.py; components/app_shell.py; components/navigation.py; styles/; views/,tests/test_app.py; metadata/master_browser_qa.json; metadata/chart_controls_qa.json
12,APPLICATION ARCHITECTURE,Preserved application and presentation,PASS,"Existing Python/Streamlit application, public/login/workspace UI, themes, grouped navigation and reduced motion preserved.",,app.py; components/app_shell.py; components/navigation.py; styles/; views/,tests/test_app.py; metadata/master_browser_qa.json; metadata/chart_controls_qa.json
13,MAIN NAVIGATION,Preserved application and presentation,PASS,"Existing Python/Streamlit application, public/login/workspace UI, themes, grouped navigation and reduced motion preserved.",,app.py; components/app_shell.py; components/navigation.py; styles/; views/,tests/test_app.py; metadata/master_browser_qa.json; metadata/chart_controls_qa.json
14,EXECUTIVE COMMAND CENTER,Evidence and decision analytics,PASS,"Observed momentum/acceleration, descriptive IQR anomalies with an explicit reference, severity-volume-exposure ranking, observed profit opportunities and reconciled additive-sales waterfall.",,services/decision_intelligence.py; services/comparison_service.py; services/data_questions.py; components/decision_context.py; views/changes.py,tests/test_master_features.py; tests/test_services.py; tests/test_final_polish.py; metadata/master_data_qa.json
15,DECISION INTELLIGENCE FRAMEWORK,Evidence and decision analytics,PASS,"Observed momentum/acceleration, descriptive IQR anomalies with an explicit reference, severity-volume-exposure ranking, observed profit opportunities and reconciled additive-sales waterfall.",,services/decision_intelligence.py; services/comparison_service.py; services/data_questions.py; components/decision_context.py; views/changes.py,tests/test_master_features.py; tests/test_services.py; tests/test_final_polish.py; metadata/master_data_qa.json
16,"""SO WHAT?"" ENGINE",Evidence and decision analytics,PASS,"Observed momentum/acceleration, descriptive IQR anomalies with an explicit reference, severity-volume-exposure ranking, observed profit opportunities and reconciled additive-sales waterfall.",,services/decision_intelligence.py; services/comparison_service.py; services/data_questions.py; components/decision_context.py; views/changes.py,tests/test_master_features.py; tests/test_services.py; tests/test_final_polish.py; metadata/master_data_qa.json
17,DELIVERY INTELLIGENCE,Actual data and trained models,PASS,"Four fixed model adapters, exact contracts/thresholds, compatibility states, supplied scores, model metadata, guarded inference and non-causal scenarios.",,services/inference_service.py; services/demand_inference.py; services/profitability_inference.py; services/final_delivery_inference.py; views/,tests/test_inference_service.py; tests/test_demand_inference.py; tests/test_profitability.py; tests/test_final_delivery.py; metadata/master_data_qa.json
18,DEMAND INTELLIGENCE,Actual data and trained models,PASS,"Four fixed model adapters, exact contracts/thresholds, compatibility states, supplied scores, model metadata, guarded inference and non-causal scenarios.",,services/inference_service.py; services/demand_inference.py; services/profitability_inference.py; services/final_delivery_inference.py; views/,tests/test_inference_service.py; tests/test_demand_inference.py; tests/test_profitability.py; tests/test_final_delivery.py; metadata/master_data_qa.json
19,DEMAND ACCELERATION,Evidence and decision analytics,PASS,"Observed momentum/acceleration, descriptive IQR anomalies with an explicit reference, severity-volume-exposure ranking, observed profit opportunities and reconciled additive-sales waterfall.",,services/decision_intelligence.py; services/comparison_service.py; services/data_questions.py; components/decision_context.py; views/changes.py,tests/test_master_features.py; tests/test_services.py; tests/test_final_polish.py; metadata/master_data_qa.json
20,FORECAST ERROR INTELLIGENCE,Actual data and trained models,PASS,"Four fixed model adapters, exact contracts/thresholds, compatibility states, supplied scores, model metadata, guarded inference and non-causal scenarios.",,services/inference_service.py; services/demand_inference.py; services/profitability_inference.py; services/final_delivery_inference.py; views/,tests/test_inference_service.py; tests/test_demand_inference.py; tests/test_profitability.py; tests/test_final_delivery.py; metadata/master_data_qa.json
21,PROFITABILITY INTELLIGENCE,Actual data and trained models,PASS,"Four fixed model adapters, exact contracts/thresholds, compatibility states, supplied scores, model metadata, guarded inference and non-causal scenarios.",,services/inference_service.py; services/demand_inference.py; services/profitability_inference.py; services/final_delivery_inference.py; views/,tests/test_inference_service.py; tests/test_demand_inference.py; tests/test_profitability.py; tests/test_final_delivery.py; metadata/master_data_qa.json
22,CROSS-RISK COMMAND CENTER,Relationships and supported geography,PASS,Null/type/cardinality/coverage validation; one-to-one joins and explicit child aggregation; separate grains; maps require supplied valid coordinates.,,services/relationships.py; services/profitability_data.py; views/data_tools.py; views/geography.py,tests/test_master_features.py; tests/test_final_delivery.py; metadata/master_data_qa.json
23,RISK CONCENTRATION,Relationships and supported geography,PASS,Null/type/cardinality/coverage validation; one-to-one joins and explicit child aggregation; separate grains; maps require supplied valid coordinates.,,services/relationships.py; services/profitability_data.py; views/data_tools.py; views/geography.py,tests/test_master_features.py; tests/test_final_delivery.py; metadata/master_data_qa.json
24,RISK MOMENTUM,Evidence and decision analytics,PASS,"Observed momentum/acceleration, descriptive IQR anomalies with an explicit reference, severity-volume-exposure ranking, observed profit opportunities and reconciled additive-sales waterfall.",,services/decision_intelligence.py; services/comparison_service.py; services/data_questions.py; components/decision_context.py; views/changes.py,tests/test_master_features.py; tests/test_services.py; tests/test_final_polish.py; metadata/master_data_qa.json
25,RISK ACCELERATION,Evidence and decision analytics,PASS,"Observed momentum/acceleration, descriptive IQR anomalies with an explicit reference, severity-volume-exposure ranking, observed profit opportunities and reconciled additive-sales waterfall.",,services/decision_intelligence.py; services/comparison_service.py; services/data_questions.py; components/decision_context.py; views/changes.py,tests/test_master_features.py; tests/test_services.py; tests/test_final_polish.py; metadata/master_data_qa.json
26,ANALYTICAL INVESTIGATION PRIORITY,Evidence and decision analytics,PASS,"Observed momentum/acceleration, descriptive IQR anomalies with an explicit reference, severity-volume-exposure ranking, observed profit opportunities and reconciled additive-sales waterfall.",,services/decision_intelligence.py; services/comparison_service.py; services/data_questions.py; components/decision_context.py; views/changes.py,tests/test_master_features.py; tests/test_services.py; tests/test_final_polish.py; metadata/master_data_qa.json
27,PREDICTION ERROR INTELLIGENCE,Actual data and trained models,PASS,"Four fixed model adapters, exact contracts/thresholds, compatibility states, supplied scores, model metadata, guarded inference and non-causal scenarios.",,services/inference_service.py; services/demand_inference.py; services/profitability_inference.py; services/final_delivery_inference.py; views/,tests/test_inference_service.py; tests/test_demand_inference.py; tests/test_profitability.py; tests/test_final_delivery.py; metadata/master_data_qa.json
28,MODEL INTELLIGENCE,Actual data and trained models,PASS,"Four fixed model adapters, exact contracts/thresholds, compatibility states, supplied scores, model metadata, guarded inference and non-causal scenarios.",,services/inference_service.py; services/demand_inference.py; services/profitability_inference.py; services/final_delivery_inference.py; views/,tests/test_inference_service.py; tests/test_demand_inference.py; tests/test_profitability.py; tests/test_final_delivery.py; metadata/master_data_qa.json
29,WHY THIS PREDICTION,Actual data and trained models,N/A,"Four fixed model adapters, exact contracts/thresholds, compatibility states, supplied scores, model metadata, guarded inference and non-causal scenarios.",Prediction/probability/version and registered global importance are available; per-record SHAP/contribution artifacts were not supplied. Global rankings are not presented as local explanations.,services/inference_service.py; services/demand_inference.py; services/profitability_inference.py; services/final_delivery_inference.py; views/,tests/test_inference_service.py; tests/test_demand_inference.py; tests/test_profitability.py; tests/test_final_delivery.py; metadata/master_data_qa.json
30,GEOGRAPHIC INTELLIGENCE,Relationships and supported geography,N/A,Null/type/cardinality/coverage validation; one-to-one joins and explicit child aggregation; separate grains; maps require supplied valid coordinates.,Built-in country/region rankings work; supplied connected tables lack validated coordinates/boundary mapping. Uploaded actual coordinates support point maps.,services/relationships.py; services/profitability_data.py; views/data_tools.py; views/geography.py,tests/test_master_features.py; tests/test_final_delivery.py; metadata/master_data_qa.json
31,ROUTE INTELLIGENCE,Relationships and supported geography,N/A,Null/type/cardinality/coverage validation; one-to-one joins and explicit child aggregation; separate grains; maps require supplied valid coordinates.,Validated origin/destination endpoints were not supplied. Route intelligence is explicitly unavailable; no route lines are invented.,services/relationships.py; services/profitability_data.py; views/data_tools.py; views/geography.py,tests/test_master_features.py; tests/test_final_delivery.py; metadata/master_data_qa.json
32,ORDER EXPLORER,Actual data and trained models,PASS,"Four fixed model adapters, exact contracts/thresholds, compatibility states, supplied scores, model metadata, guarded inference and non-causal scenarios.",,services/inference_service.py; services/demand_inference.py; services/profitability_inference.py; services/final_delivery_inference.py; views/,tests/test_inference_service.py; tests/test_demand_inference.py; tests/test_profitability.py; tests/test_final_delivery.py; metadata/master_data_qa.json
33,SEGMENT DRILLDOWN,Actual data and trained models,PASS,"Four fixed model adapters, exact contracts/thresholds, compatibility states, supplied scores, model metadata, guarded inference and non-causal scenarios.",,services/inference_service.py; services/demand_inference.py; services/profitability_inference.py; services/final_delivery_inference.py; views/,tests/test_inference_service.py; tests/test_demand_inference.py; tests/test_profitability.py; tests/test_final_delivery.py; metadata/master_data_qa.json
34,SCENARIO SIMULATOR,Actual data and trained models,PASS,"Four fixed model adapters, exact contracts/thresholds, compatibility states, supplied scores, model metadata, guarded inference and non-causal scenarios.",,services/inference_service.py; services/demand_inference.py; services/profitability_inference.py; services/final_delivery_inference.py; views/,tests/test_inference_service.py; tests/test_demand_inference.py; tests/test_profitability.py; tests/test_final_delivery.py; metadata/master_data_qa.json
35,ANOMALY DETECTION,Evidence and decision analytics,PASS,"Observed momentum/acceleration, descriptive IQR anomalies with an explicit reference, severity-volume-exposure ranking, observed profit opportunities and reconciled additive-sales waterfall.",,services/decision_intelligence.py; services/comparison_service.py; services/data_questions.py; components/decision_context.py; views/changes.py,tests/test_master_features.py; tests/test_services.py; tests/test_final_polish.py; metadata/master_data_qa.json
36,POSITIVE OPPORTUNITY DETECTION,Evidence and decision analytics,PASS,"Observed momentum/acceleration, descriptive IQR anomalies with an explicit reference, severity-volume-exposure ranking, observed profit opportunities and reconciled additive-sales waterfall.",,services/decision_intelligence.py; services/comparison_service.py; services/data_questions.py; components/decision_context.py; views/changes.py,tests/test_master_features.py; tests/test_services.py; tests/test_final_polish.py; metadata/master_data_qa.json
37,WHAT CHANGED WATERFALL,Evidence and decision analytics,PASS,"Observed momentum/acceleration, descriptive IQR anomalies with an explicit reference, severity-volume-exposure ranking, observed profit opportunities and reconciled additive-sales waterfall.",,services/decision_intelligence.py; services/comparison_service.py; services/data_questions.py; components/decision_context.py; views/changes.py,tests/test_master_features.py; tests/test_services.py; tests/test_final_polish.py; metadata/master_data_qa.json
38,SUPPLY CHAIN HEALTH SCORE,Evidence and decision analytics,N/A,"Observed momentum/acceleration, descriptive IQR anomalies with an explicit reference, severity-volume-exposure ranking, observed profit opportunities and reconciled additive-sales waterfall.","Optional composite health score omitted: there is no calibrated, defensible common score across the supplied separate source grains.",services/decision_intelligence.py; services/comparison_service.py; services/data_questions.py; components/decision_context.py; views/changes.py,tests/test_master_features.py; tests/test_services.py; tests/test_final_polish.py; metadata/master_data_qa.json
39,BUSINESS IMPACT QUANTIFICATION,Evidence and decision analytics,PASS,"Observed momentum/acceleration, descriptive IQR anomalies with an explicit reference, severity-volume-exposure ranking, observed profit opportunities and reconciled additive-sales waterfall.",,services/decision_intelligence.py; services/comparison_service.py; services/data_questions.py; components/decision_context.py; views/changes.py,tests/test_master_features.py; tests/test_services.py; tests/test_final_polish.py; metadata/master_data_qa.json
40,CHART REQUIREMENTS,Interactive visual analysis,PASS,"25 chart types, up to 10 slots, prerequisites, card edits/duplication/order, exact tables, toolbar controls and source/schema/selection-checked settings.",,services/visualization_service.py; services/visualization_config.py; components/charts.py; components/chart_resize.js; views/visualizations.py,tests/test_visualizations.py; tests/test_master_features.py; metadata/chart_controls_qa.json; metadata/master_browser_qa.json
41,INTERACTIVE FILTER SYSTEM,Interactive visual analysis,PASS,"25 chart types, up to 10 slots, prerequisites, card edits/duplication/order, exact tables, toolbar controls and source/schema/selection-checked settings.",,services/visualization_service.py; services/visualization_config.py; components/charts.py; components/chart_resize.js; views/visualizations.py,tests/test_visualizations.py; tests/test_master_features.py; metadata/chart_controls_qa.json; metadata/master_browser_qa.json
42,SUPPLYCHAIN AI COPILOT,Controlled Copilot and Sevika,PASS,"Twelve validated command types, allowlisted analytical tools and local questions, evidence references, safe refusals; optional live HF/Groq uses approved anonymous numerical summaries; uploads require individual consent.",,services/copilot/; services/copilot/ui_commands.py; services/sevika.py; services/data_questions.py; services/ai_provider.py; components/sevika.py; views/data_tools.py,tests/test_copilot_commands.py; tests/test_sevika.py; tests/test_ai_provider.py; tests/test_parameter_comparison.py; tests/test_master_features.py; metadata/master_live_ai_qa.json; metadata/master_workflow_qa.json
43,COPILOT MODES,Controlled Copilot and Sevika,PASS,"Twelve validated command types, allowlisted analytical tools and local questions, evidence references, safe refusals; optional live HF/Groq uses approved anonymous numerical summaries; uploads require individual consent.",,services/copilot/; services/copilot/ui_commands.py; services/sevika.py; services/data_questions.py; services/ai_provider.py; components/sevika.py; views/data_tools.py,tests/test_copilot_commands.py; tests/test_sevika.py; tests/test_ai_provider.py; tests/test_parameter_comparison.py; tests/test_master_features.py; metadata/master_live_ai_qa.json; metadata/master_workflow_qa.json
44,COPILOT RESPONSE FORMAT,Controlled Copilot and Sevika,PASS,"Twelve validated command types, allowlisted analytical tools and local questions, evidence references, safe refusals; optional live HF/Groq uses approved anonymous numerical summaries; uploads require individual consent.",,services/copilot/; services/copilot/ui_commands.py; services/sevika.py; services/data_questions.py; services/ai_provider.py; components/sevika.py; views/data_tools.py,tests/test_copilot_commands.py; tests/test_sevika.py; tests/test_ai_provider.py; tests/test_parameter_comparison.py; tests/test_master_features.py; metadata/master_live_ai_qa.json; metadata/master_workflow_qa.json
45,NATURAL LANGUAGE ACTIONS,Controlled Copilot and Sevika,PASS,"Twelve validated command types, allowlisted analytical tools and local questions, evidence references, safe refusals; optional live HF/Groq uses approved anonymous numerical summaries; uploads require individual consent.",,services/copilot/; services/copilot/ui_commands.py; services/sevika.py; services/data_questions.py; services/ai_provider.py; components/sevika.py; views/data_tools.py,tests/test_copilot_commands.py; tests/test_sevika.py; tests/test_ai_provider.py; tests/test_parameter_comparison.py; tests/test_master_features.py; metadata/master_live_ai_qa.json; metadata/master_workflow_qa.json
46,NATURAL LANGUAGE VISUAL BEHAVIOR,Controlled Copilot and Sevika,PASS,"Twelve validated command types, allowlisted analytical tools and local questions, evidence references, safe refusals; optional live HF/Groq uses approved anonymous numerical summaries; uploads require individual consent.",,services/copilot/; services/copilot/ui_commands.py; services/sevika.py; services/data_questions.py; services/ai_provider.py; components/sevika.py; views/data_tools.py,tests/test_copilot_commands.py; tests/test_sevika.py; tests/test_ai_provider.py; tests/test_parameter_comparison.py; tests/test_master_features.py; metadata/master_live_ai_qa.json; metadata/master_workflow_qa.json
47,EVIDENCE SYSTEM,Controlled Copilot and Sevika,PASS,"Twelve validated command types, allowlisted analytical tools and local questions, evidence references, safe refusals; optional live HF/Groq uses approved anonymous numerical summaries; uploads require individual consent.",,services/copilot/; services/copilot/ui_commands.py; services/sevika.py; services/data_questions.py; services/ai_provider.py; components/sevika.py; views/data_tools.py,tests/test_copilot_commands.py; tests/test_sevika.py; tests/test_ai_provider.py; tests/test_parameter_comparison.py; tests/test_master_features.py; metadata/master_live_ai_qa.json; metadata/master_workflow_qa.json
48,DATA LAB,Registry and safe data lab,PASS,"Validated project sources and session-only CSV/TSV/XLSX/JSON/Parquet imports, bounded profiling, field/filter controls and recovery states.",,services/upload_service.py; services/data_profile.py; services/dataset_catalog.py; views/uploads.py; PROJECT_INVENTORY.md,tests/test_master_features.py; tests/test_uploads.py; metadata/uploads_browser_qa.json
49,AUTOMATIC VISUALIZATION ENGINE,Interactive visual analysis,PASS,"25 chart types, up to 10 slots, prerequisites, card edits/duplication/order, exact tables, toolbar controls and source/schema/selection-checked settings.",,services/visualization_service.py; services/visualization_config.py; components/charts.py; components/chart_resize.js; views/visualizations.py,tests/test_visualizations.py; tests/test_master_features.py; metadata/chart_controls_qa.json; metadata/master_browser_qa.json
50,DATA QUALITY,Registry and safe data lab,PASS,"Validated project sources and session-only CSV/TSV/XLSX/JSON/Parquet imports, bounded profiling, field/filter controls and recovery states.",,services/upload_service.py; services/data_profile.py; services/dataset_catalog.py; views/uploads.py; PROJECT_INVENTORY.md,tests/test_master_features.py; tests/test_uploads.py; metadata/uploads_browser_qa.json
51,DATA LINEAGE,Registry and safe data lab,PASS,"Validated project sources and session-only CSV/TSV/XLSX/JSON/Parquet imports, bounded profiling, field/filter controls and recovery states.",,services/upload_service.py; services/data_profile.py; services/dataset_catalog.py; views/uploads.py; PROJECT_INVENTORY.md,tests/test_master_features.py; tests/test_uploads.py; metadata/uploads_browser_qa.json
52,REPORTING,Reports and exports,PASS,"Current-selection CSV/Excel/PDF, four-source executive brief with six management questions and evidence, exact coverage, safe formulas and role-gated downloads; all PDF pages rendered and inspected.",,services/export_service.py; services/analysis_report.py; services/executive_brief.py; components/secure_actions.py; views/reports.py; views/downloads.py,tests/test_verified_exports_views.py; tests/test_master_features.py; tests/test_executive_brief.py; metadata/master_data_qa.json; metadata/master_browser_qa.json; metadata/master_workflow_qa.json
53,SECURITY,Data privacy and integrity,PASS,Passwords/contact fields removed; formula-safe exports; fixed trusted models; no arbitrary execution; labelled demo preserved by explicit user instruction.,,services/privacy.py; services/verified_data.py; services/query_engine.py; scripts/security_audit.py,tests/test_master_features.py; tests/test_release_security.py; tests/test_release_edges.py
54,AUTHENTICATION,Access and resilience,PASS,Demo default; optional private PBKDF2 accounts and Admin/Analyst/Executive/Viewer server permissions; session audit; local/offline recovery.,,services/access_control.py; services/auth_service.py; services/audit_log.py; services/health_service.py; components/secure_actions.py,tests/test_master_features.py; tests/test_app.py; tests/test_release_edges.py; metadata/security_audit.json
55,SYSTEM HEALTH,Access and resilience,PASS,Demo default; optional private PBKDF2 accounts and Admin/Analyst/Executive/Viewer server permissions; session audit; local/offline recovery.,,services/access_control.py; services/auth_service.py; services/audit_log.py; services/health_service.py; components/secure_actions.py,tests/test_master_features.py; tests/test_app.py; tests/test_release_edges.py; metadata/security_audit.json
56,PERFORMANCE,Executed verification and performance,PASS,"Full-suite tests, actual data/model reconciliation, browser/exports, final security and measured single-process performance. No multi-user SLA claimed.",,tests/; scripts/master_data_qa.py; scripts/master_browser_qa.py; scripts/security_audit.py; metadata/,metadata/master_regression_qa.json; metadata/master_data_qa.json; metadata/master_browser_qa.json; metadata/master_dependency_qa.json
57,UI DESIGN,Preserved application and presentation,PASS,"Existing Python/Streamlit application, public/login/workspace UI, themes, grouped navigation and reduced motion preserved.",,app.py; components/app_shell.py; components/navigation.py; styles/; views/,tests/test_app.py; metadata/master_browser_qa.json; metadata/chart_controls_qa.json
58,DASHBOARD LAYOUT,Preserved application and presentation,PASS,"Existing Python/Streamlit application, public/login/workspace UI, themes, grouped navigation and reduced motion preserved.",,app.py; components/app_shell.py; components/navigation.py; styles/; views/,tests/test_app.py; metadata/master_browser_qa.json; metadata/chart_controls_qa.json
59,RESPONSIVE UI,Preserved application and presentation,PASS,"Existing Python/Streamlit application, public/login/workspace UI, themes, grouped navigation and reduced motion preserved.",,app.py; components/app_shell.py; components/navigation.py; styles/; views/,tests/test_app.py; metadata/master_browser_qa.json; metadata/chart_controls_qa.json
60,EMPTY STATES,Executed verification and performance,PASS,"Full-suite tests, actual data/model reconciliation, browser/exports, final security and measured single-process performance. No multi-user SLA claimed.",,tests/; scripts/master_data_qa.py; scripts/master_browser_qa.py; scripts/security_audit.py; metadata/,metadata/master_regression_qa.json; metadata/master_data_qa.json; metadata/master_browser_qa.json; metadata/master_dependency_qa.json
61,ERROR HANDLING,Access and resilience,PASS,Demo default; optional private PBKDF2 accounts and Admin/Analyst/Executive/Viewer server permissions; session audit; local/offline recovery.,,services/access_control.py; services/auth_service.py; services/audit_log.py; services/health_service.py; components/secure_actions.py,tests/test_master_features.py; tests/test_app.py; tests/test_release_edges.py; metadata/security_audit.json
62,TESTING,Executed verification and performance,PASS,"Full-suite tests, actual data/model reconciliation, browser/exports, final security and measured single-process performance. No multi-user SLA claimed.",,tests/; scripts/master_data_qa.py; scripts/master_browser_qa.py; scripts/security_audit.py; metadata/,metadata/master_regression_qa.json; metadata/master_data_qa.json; metadata/master_browser_qa.json; metadata/master_dependency_qa.json
63,DATA VALIDATION TESTS,Executed verification and performance,PASS,"Full-suite tests, actual data/model reconciliation, browser/exports, final security and measured single-process performance. No multi-user SLA claimed.",,tests/; scripts/master_data_qa.py; scripts/master_browser_qa.py; scripts/security_audit.py; metadata/,metadata/master_regression_qa.json; metadata/master_data_qa.json; metadata/master_browser_qa.json; metadata/master_dependency_qa.json
64,NO FAKE DATA TEST,Data privacy and integrity,PASS,Passwords/contact fields removed; formula-safe exports; fixed trusted models; no arbitrary execution; labelled demo preserved by explicit user instruction.,,services/privacy.py; services/verified_data.py; services/query_engine.py; scripts/security_audit.py,tests/test_master_features.py; tests/test_release_security.py; tests/test_release_edges.py
65,VISUAL TESTING,Executed verification and performance,PASS,"Full-suite tests, actual data/model reconciliation, browser/exports, final security and measured single-process performance. No multi-user SLA claimed.",,tests/; scripts/master_data_qa.py; scripts/master_browser_qa.py; scripts/security_audit.py; metadata/,metadata/master_regression_qa.json; metadata/master_data_qa.json; metadata/master_browser_qa.json; metadata/master_dependency_qa.json
66,FUNCTIONAL TESTING,Executed verification and performance,PASS,"Full-suite tests, actual data/model reconciliation, browser/exports, final security and measured single-process performance. No multi-user SLA claimed.",,tests/; scripts/master_data_qa.py; scripts/master_browser_qa.py; scripts/security_audit.py; metadata/,metadata/master_regression_qa.json; metadata/master_data_qa.json; metadata/master_browser_qa.json; metadata/master_dependency_qa.json
67,AUTOMATED QA,Executed verification and performance,PASS,"Full-suite tests, actual data/model reconciliation, browser/exports, final security and measured single-process performance. No multi-user SLA claimed.",,tests/; scripts/master_data_qa.py; scripts/master_browser_qa.py; scripts/security_audit.py; metadata/,metadata/master_regression_qa.json; metadata/master_data_qa.json; metadata/master_browser_qa.json; metadata/master_dependency_qa.json
68,FINAL DEBUG LOOP,Executed verification and performance,PASS,"Full-suite tests, actual data/model reconciliation, browser/exports, final security and measured single-process performance. No multi-user SLA claimed.",,tests/; scripts/master_data_qa.py; scripts/master_browser_qa.py; scripts/security_audit.py; metadata/,metadata/master_regression_qa.json; metadata/master_data_qa.json; metadata/master_browser_qa.json; metadata/master_dependency_qa.json
69,FINAL PERFORMANCE CHECK,Executed verification and performance,PASS,"Full-suite tests, actual data/model reconciliation, browser/exports, final security and measured single-process performance. No multi-user SLA claimed.",,tests/; scripts/master_data_qa.py; scripts/master_browser_qa.py; scripts/security_audit.py; metadata/,metadata/master_regression_qa.json; metadata/master_data_qa.json; metadata/master_browser_qa.json; metadata/master_dependency_qa.json
70,FINAL PROJECT CLEANUP,Preserved application and presentation,PASS,"Existing Python/Streamlit application, public/login/workspace UI, themes, grouped navigation and reduced motion preserved.",,app.py; components/app_shell.py; components/navigation.py; styles/; views/,tests/test_app.py; metadata/master_browser_qa.json; metadata/chart_controls_qa.json
71,README,Execution/documentation requirement,PASS,"Implemented work was inspected, integrated, verified and documented; limitations below prevent a blanket claim that all 199 sections are fully satisfied.",,AGENTS.md; README.md; FINAL_IMPLEMENTATION_REPORT.md; scripts/master_release_audit.py,metadata/master_regression_qa.json; metadata/master_requirement_matrix.json
72,REQUIREMENTS,Execution/documentation requirement,PASS,"Implemented work was inspected, integrated, verified and documented; limitations below prevent a blanket claim that all 199 sections are fully satisfied.",,AGENTS.md; README.md; FINAL_IMPLEMENTATION_REPORT.md; scripts/master_release_audit.py,metadata/master_regression_qa.json; metadata/master_requirement_matrix.json
73,RUN COMMAND,Execution/documentation requirement,PASS,"Implemented work was inspected, integrated, verified and documented; limitations below prevent a blanket claim that all 199 sections are fully satisfied.",,AGENTS.md; README.md; FINAL_IMPLEMENTATION_REPORT.md; scripts/master_release_audit.py,metadata/master_regression_qa.json; metadata/master_requirement_matrix.json
74,FINAL ACCEPTANCE CRITERIA,Execution/documentation requirement,PASS,Release evidence and partial requirements are documented. Local demonstration gates pass; the entire master specification is not certified complete.,,AGENTS.md; README.md; FINAL_IMPLEMENTATION_REPORT.md; scripts/master_release_audit.py,metadata/master_regression_qa.json; metadata/master_requirement_matrix.json
75,VERY IMPORTANT — MODEL HONESTY,Data privacy and integrity,PASS,Passwords/contact fields removed; formula-safe exports; fixed trusted models; no arbitrary execution; labelled demo preserved by explicit user instruction.,,services/privacy.py; services/verified_data.py; services/query_engine.py; scripts/security_audit.py,tests/test_master_features.py; tests/test_release_security.py; tests/test_release_edges.py
76,VERY IMPORTANT — NO NEW DATA,Data privacy and integrity,PASS,Passwords/contact fields removed; formula-safe exports; fixed trusted models; no arbitrary execution; labelled demo preserved by explicit user instruction.,,services/privacy.py; services/verified_data.py; services/query_engine.py; scripts/security_audit.py,tests/test_master_features.py; tests/test_release_security.py; tests/test_release_edges.py
77,FINAL INSTRUCTION,Execution/documentation requirement,PASS,Release evidence and partial requirements are documented. Local demonstration gates pass; the entire master specification is not certified complete.,,AGENTS.md; README.md; FINAL_IMPLEMENTATION_REPORT.md; scripts/master_release_audit.py,metadata/master_regression_qa.json; metadata/master_requirement_matrix.json
78,CODEX PROJECT / WORKSPACE EXECUTION PROTOCOL,Registry and safe data lab,PASS,"Validated project sources and session-only CSV/TSV/XLSX/JSON/Parquet imports, bounded profiling, field/filter controls and recovery states.",,services/upload_service.py; services/data_profile.py; services/dataset_catalog.py; views/uploads.py; PROJECT_INVENTORY.md,tests/test_master_features.py; tests/test_uploads.py; metadata/uploads_browser_qa.json
79,ACTUAL ML MODEL ARTIFACT INTEGRATION,Actual data and trained models,PASS,"Four fixed model adapters, exact contracts/thresholds, compatibility states, supplied scores, model metadata, guarded inference and non-causal scenarios.",,services/inference_service.py; services/demand_inference.py; services/profitability_inference.py; services/final_delivery_inference.py; views/,tests/test_inference_service.py; tests/test_demand_inference.py; tests/test_profitability.py; tests/test_final_delivery.py; metadata/master_data_qa.json
80,MODEL SAFETY AND TRUST,Data privacy and integrity,PASS,Passwords/contact fields removed; formula-safe exports; fixed trusted models; no arbitrary execution; labelled demo preserved by explicit user instruction.,,services/privacy.py; services/verified_data.py; services/query_engine.py; scripts/security_audit.py,tests/test_master_features.py; tests/test_release_security.py; tests/test_release_edges.py
81,MODEL INFERENCE VALIDATION BEFORE UI INTEGRATION,Actual data and trained models,PASS,"Four fixed model adapters, exact contracts/thresholds, compatibility states, supplied scores, model metadata, guarded inference and non-causal scenarios.",,services/inference_service.py; services/demand_inference.py; services/profitability_inference.py; services/final_delivery_inference.py; views/,tests/test_inference_service.py; tests/test_demand_inference.py; tests/test_profitability.py; tests/test_final_delivery.py; metadata/master_data_qa.json
82,MODEL OUTPUT SEMANTICS,Actual data and trained models,PASS,"Four fixed model adapters, exact contracts/thresholds, compatibility states, supplied scores, model metadata, guarded inference and non-causal scenarios.",,services/inference_service.py; services/demand_inference.py; services/profitability_inference.py; services/final_delivery_inference.py; views/,tests/test_inference_service.py; tests/test_demand_inference.py; tests/test_profitability.py; tests/test_final_delivery.py; metadata/master_data_qa.json
83,EXISTING SCORED OUTPUTS,Actual data and trained models,PASS,"Four fixed model adapters, exact contracts/thresholds, compatibility states, supplied scores, model metadata, guarded inference and non-causal scenarios.",,services/inference_service.py; services/demand_inference.py; services/profitability_inference.py; services/final_delivery_inference.py; views/,tests/test_inference_service.py; tests/test_demand_inference.py; tests/test_profitability.py; tests/test_final_delivery.py; metadata/master_data_qa.json
84,THREE-ENGINE INTEGRATION,Actual data and trained models,PASS,"Four fixed model adapters, exact contracts/thresholds, compatibility states, supplied scores, model metadata, guarded inference and non-causal scenarios.",,services/inference_service.py; services/demand_inference.py; services/profitability_inference.py; services/final_delivery_inference.py; views/,tests/test_inference_service.py; tests/test_demand_inference.py; tests/test_profitability.py; tests/test_final_delivery.py; metadata/master_data_qa.json
85,CROSS-RISK DATA CONTRACT,Relationships and supported geography,PASS,Null/type/cardinality/coverage validation; one-to-one joins and explicit child aggregation; separate grains; maps require supplied valid coordinates.,,services/relationships.py; services/profitability_data.py; views/data_tools.py; views/geography.py,tests/test_master_features.py; tests/test_final_delivery.py; metadata/master_data_qa.json
86,CROSS-RISK LANGUAGE RULE,Data privacy and integrity,PASS,Passwords/contact fields removed; formula-safe exports; fixed trusted models; no arbitrary execution; labelled demo preserved by explicit user instruction.,,services/privacy.py; services/verified_data.py; services/query_engine.py; scripts/security_audit.py,tests/test_master_features.py; tests/test_release_security.py; tests/test_release_edges.py
87,DECISION INTELLIGENCE LAYER,Evidence and decision analytics,PASS,"Observed momentum/acceleration, descriptive IQR anomalies with an explicit reference, severity-volume-exposure ranking, observed profit opportunities and reconciled additive-sales waterfall.",,services/decision_intelligence.py; services/comparison_service.py; services/data_questions.py; components/decision_context.py; views/changes.py,tests/test_master_features.py; tests/test_services.py; tests/test_final_polish.py; metadata/master_data_qa.json
88,INVESTIGATION PRIORITY ENGINE,Evidence and decision analytics,PASS,"Observed momentum/acceleration, descriptive IQR anomalies with an explicit reference, severity-volume-exposure ranking, observed profit opportunities and reconciled additive-sales waterfall.",,services/decision_intelligence.py; services/comparison_service.py; services/data_questions.py; components/decision_context.py; views/changes.py,tests/test_master_features.py; tests/test_services.py; tests/test_final_polish.py; metadata/master_data_qa.json
89,POSITIVE OPPORTUNITY DETECTION,Evidence and decision analytics,PASS,"Observed momentum/acceleration, descriptive IQR anomalies with an explicit reference, severity-volume-exposure ranking, observed profit opportunities and reconciled additive-sales waterfall.",,services/decision_intelligence.py; services/comparison_service.py; services/data_questions.py; components/decision_context.py; views/changes.py,tests/test_master_features.py; tests/test_services.py; tests/test_final_polish.py; metadata/master_data_qa.json
90,WHAT CHANGED ENGINE,Evidence and decision analytics,PASS,"Observed momentum/acceleration, descriptive IQR anomalies with an explicit reference, severity-volume-exposure ranking, observed profit opportunities and reconciled additive-sales waterfall.",,services/decision_intelligence.py; services/comparison_service.py; services/data_questions.py; components/decision_context.py; views/changes.py,tests/test_master_features.py; tests/test_services.py; tests/test_final_polish.py; metadata/master_data_qa.json
91,ANOMALY INTELLIGENCE,Evidence and decision analytics,PASS,"Observed momentum/acceleration, descriptive IQR anomalies with an explicit reference, severity-volume-exposure ranking, observed profit opportunities and reconciled additive-sales waterfall.",,services/decision_intelligence.py; services/comparison_service.py; services/data_questions.py; components/decision_context.py; views/changes.py,tests/test_master_features.py; tests/test_services.py; tests/test_final_polish.py; metadata/master_data_qa.json
92,UNCERTAINTY INTELLIGENCE,Actual data and trained models,PASS,"Four fixed model adapters, exact contracts/thresholds, compatibility states, supplied scores, model metadata, guarded inference and non-causal scenarios.",,services/inference_service.py; services/demand_inference.py; services/profitability_inference.py; services/final_delivery_inference.py; views/,tests/test_inference_service.py; tests/test_demand_inference.py; tests/test_profitability.py; tests/test_final_delivery.py; metadata/master_data_qa.json
93,BUSINESS IMPACT QUANTIFICATION,Evidence and decision analytics,PASS,"Observed momentum/acceleration, descriptive IQR anomalies with an explicit reference, severity-volume-exposure ranking, observed profit opportunities and reconciled additive-sales waterfall.",,services/decision_intelligence.py; services/comparison_service.py; services/data_questions.py; components/decision_context.py; views/changes.py,tests/test_master_features.py; tests/test_services.py; tests/test_final_polish.py; metadata/master_data_qa.json
94,SUPPLY CHAIN HEALTH SCORE,Evidence and decision analytics,N/A,"Observed momentum/acceleration, descriptive IQR anomalies with an explicit reference, severity-volume-exposure ranking, observed profit opportunities and reconciled additive-sales waterfall.",Optional composite health score omitted; source/model/data health is reported separately with actual evidence.,services/decision_intelligence.py; services/comparison_service.py; services/data_questions.py; components/decision_context.py; views/changes.py,tests/test_master_features.py; tests/test_services.py; tests/test_final_polish.py; metadata/master_data_qa.json
95,ALERT CENTER,Evidence and decision analytics,PASS,"Observed momentum/acceleration, descriptive IQR anomalies with an explicit reference, severity-volume-exposure ranking, observed profit opportunities and reconciled additive-sales waterfall.",,services/decision_intelligence.py; services/comparison_service.py; services/data_questions.py; components/decision_context.py; views/changes.py,tests/test_master_features.py; tests/test_services.py; tests/test_final_polish.py; metadata/master_data_qa.json
96,MODEL HEALTH,Actual data and trained models,PASS,"Four fixed model adapters, exact contracts/thresholds, compatibility states, supplied scores, model metadata, guarded inference and non-causal scenarios.",,services/inference_service.py; services/demand_inference.py; services/profitability_inference.py; services/final_delivery_inference.py; views/,tests/test_inference_service.py; tests/test_demand_inference.py; tests/test_profitability.py; tests/test_final_delivery.py; metadata/master_data_qa.json
97,MODEL DRIFT,Actual data and trained models,PASS,"Four fixed model adapters, exact contracts/thresholds, compatibility states, supplied scores, model metadata, guarded inference and non-causal scenarios.",,services/inference_service.py; services/demand_inference.py; services/profitability_inference.py; services/final_delivery_inference.py; views/,tests/test_inference_service.py; tests/test_demand_inference.py; tests/test_profitability.py; tests/test_final_delivery.py; metadata/master_data_qa.json
98,GEOGRAPHIC INTELLIGENCE,Relationships and supported geography,N/A,Null/type/cardinality/coverage validation; one-to-one joins and explicit child aggregation; separate grains; maps require supplied valid coordinates.,Built-in country/region rankings work. Validated city coordinates/boundary mappings are absent; upload point maps require actual coordinates.,services/relationships.py; services/profitability_data.py; views/data_tools.py; views/geography.py,tests/test_master_features.py; tests/test_final_delivery.py; metadata/master_data_qa.json
99,ROUTE INTELLIGENCE,Relationships and supported geography,N/A,Null/type/cardinality/coverage validation; one-to-one joins and explicit child aggregation; separate grains; maps require supplied valid coordinates.,Validated origin/destination endpoints absent; honest unavailable state retained.,services/relationships.py; services/profitability_data.py; views/data_tools.py; views/geography.py,tests/test_master_features.py; tests/test_final_delivery.py; metadata/master_data_qa.json
100,UNIVERSAL EXPLORER,Actual data and trained models,PASS,"Four fixed model adapters, exact contracts/thresholds, compatibility states, supplied scores, model metadata, guarded inference and non-causal scenarios.",,services/inference_service.py; services/demand_inference.py; services/profitability_inference.py; services/final_delivery_inference.py; views/,tests/test_inference_service.py; tests/test_demand_inference.py; tests/test_profitability.py; tests/test_final_delivery.py; metadata/master_data_qa.json
101,ORDER EXPLORER — DIGITAL CASE FILE,Actual data and trained models,PASS,"Four fixed model adapters, exact contracts/thresholds, compatibility states, supplied scores, model metadata, guarded inference and non-causal scenarios.",,services/inference_service.py; services/demand_inference.py; services/profitability_inference.py; services/final_delivery_inference.py; views/,tests/test_inference_service.py; tests/test_demand_inference.py; tests/test_profitability.py; tests/test_final_delivery.py; metadata/master_data_qa.json
102,PRODUCT EXPLORER,Actual data and trained models,PASS,"Four fixed model adapters, exact contracts/thresholds, compatibility states, supplied scores, model metadata, guarded inference and non-causal scenarios.",,services/inference_service.py; services/demand_inference.py; services/profitability_inference.py; services/final_delivery_inference.py; views/,tests/test_inference_service.py; tests/test_demand_inference.py; tests/test_profitability.py; tests/test_final_delivery.py; metadata/master_data_qa.json
103,MARKET EXPLORER,Actual data and trained models,PASS,"Four fixed model adapters, exact contracts/thresholds, compatibility states, supplied scores, model metadata, guarded inference and non-causal scenarios.",,services/inference_service.py; services/demand_inference.py; services/profitability_inference.py; services/final_delivery_inference.py; views/,tests/test_inference_service.py; tests/test_demand_inference.py; tests/test_profitability.py; tests/test_final_delivery.py; metadata/master_data_qa.json
104,SCENARIO LAB,Actual data and trained models,PASS,"Four fixed model adapters, exact contracts/thresholds, compatibility states, supplied scores, model metadata, guarded inference and non-causal scenarios.",,services/inference_service.py; services/demand_inference.py; services/profitability_inference.py; services/final_delivery_inference.py; views/,tests/test_inference_service.py; tests/test_demand_inference.py; tests/test_profitability.py; tests/test_final_delivery.py; metadata/master_data_qa.json
105,AUTHENTICATION AND LANDING PAGE,Access and resilience,PASS,Demo default; optional private PBKDF2 accounts and Admin/Analyst/Executive/Viewer server permissions; session audit; local/offline recovery.,,services/access_control.py; services/auth_service.py; services/audit_log.py; services/health_service.py; components/secure_actions.py,tests/test_master_features.py; tests/test_app.py; tests/test_release_edges.py; metadata/security_audit.json
106,USER-UPLOADED DATA ISOLATION,Registry and safe data lab,PASS,"Validated project sources and session-only CSV/TSV/XLSX/JSON/Parquet imports, bounded profiling, field/filter controls and recovery states.",,services/upload_service.py; services/data_profile.py; services/dataset_catalog.py; views/uploads.py; PROJECT_INVENTORY.md,tests/test_master_features.py; tests/test_uploads.py; metadata/uploads_browser_qa.json
107,DATA LAB — DEEP PROFILING,Registry and safe data lab,PASS,"Validated project sources and session-only CSV/TSV/XLSX/JSON/Parquet imports, bounded profiling, field/filter controls and recovery states.",,services/upload_service.py; services/data_profile.py; services/dataset_catalog.py; views/uploads.py; PROJECT_INVENTORY.md,tests/test_master_features.py; tests/test_uploads.py; metadata/uploads_browser_qa.json
108,DATA LAB — NATURAL LANGUAGE ANALYSIS,Controlled Copilot and Sevika,PASS,"Twelve validated command types, allowlisted analytical tools and local questions, evidence references, safe refusals; optional live HF/Groq uses approved anonymous numerical summaries; uploads require individual consent.",,services/copilot/; services/copilot/ui_commands.py; services/sevika.py; services/data_questions.py; services/ai_provider.py; components/sevika.py; views/data_tools.py,tests/test_copilot_commands.py; tests/test_sevika.py; tests/test_ai_provider.py; tests/test_parameter_comparison.py; tests/test_master_features.py; metadata/master_live_ai_qa.json; metadata/master_workflow_qa.json
109,COPILOT ARCHITECTURE,Controlled Copilot and Sevika,PASS,"Twelve validated command types, allowlisted analytical tools and local questions, evidence references, safe refusals; optional live HF/Groq uses approved anonymous numerical summaries; uploads require individual consent.",,services/copilot/; services/copilot/ui_commands.py; services/sevika.py; services/data_questions.py; services/ai_provider.py; components/sevika.py; views/data_tools.py,tests/test_copilot_commands.py; tests/test_sevika.py; tests/test_ai_provider.py; tests/test_parameter_comparison.py; tests/test_master_features.py; metadata/master_live_ai_qa.json; metadata/master_workflow_qa.json
110,COPILOT CONTEXT AWARENESS,Controlled Copilot and Sevika,PASS,"Twelve validated command types, allowlisted analytical tools and local questions, evidence references, safe refusals; optional live HF/Groq uses approved anonymous numerical summaries; uploads require individual consent.",,services/copilot/; services/copilot/ui_commands.py; services/sevika.py; services/data_questions.py; services/ai_provider.py; components/sevika.py; views/data_tools.py,tests/test_copilot_commands.py; tests/test_sevika.py; tests/test_ai_provider.py; tests/test_parameter_comparison.py; tests/test_master_features.py; metadata/master_live_ai_qa.json; metadata/master_workflow_qa.json
111,COPILOT CONTROLLED TOOLS,Controlled Copilot and Sevika,PASS,"Twelve validated command types, allowlisted analytical tools and local questions, evidence references, safe refusals; optional live HF/Groq uses approved anonymous numerical summaries; uploads require individual consent.",,services/copilot/; services/copilot/ui_commands.py; services/sevika.py; services/data_questions.py; services/ai_provider.py; components/sevika.py; views/data_tools.py,tests/test_copilot_commands.py; tests/test_sevika.py; tests/test_ai_provider.py; tests/test_parameter_comparison.py; tests/test_master_features.py; metadata/master_live_ai_qa.json; metadata/master_workflow_qa.json
112,COPILOT RESPONSE CONTRACT,Controlled Copilot and Sevika,PASS,"Twelve validated command types, allowlisted analytical tools and local questions, evidence references, safe refusals; optional live HF/Groq uses approved anonymous numerical summaries; uploads require individual consent.",,services/copilot/; services/copilot/ui_commands.py; services/sevika.py; services/data_questions.py; services/ai_provider.py; components/sevika.py; views/data_tools.py,tests/test_copilot_commands.py; tests/test_sevika.py; tests/test_ai_provider.py; tests/test_parameter_comparison.py; tests/test_master_features.py; metadata/master_live_ai_qa.json; metadata/master_workflow_qa.json
113,COPILOT NATURAL-LANGUAGE UI ACTIONS,Controlled Copilot and Sevika,PASS,"Twelve validated command types, allowlisted analytical tools and local questions, evidence references, safe refusals; optional live HF/Groq uses approved anonymous numerical summaries; uploads require individual consent.",,services/copilot/; services/copilot/ui_commands.py; services/sevika.py; services/data_questions.py; services/ai_provider.py; components/sevika.py; views/data_tools.py,tests/test_copilot_commands.py; tests/test_sevika.py; tests/test_ai_provider.py; tests/test_parameter_comparison.py; tests/test_master_features.py; metadata/master_live_ai_qa.json; metadata/master_workflow_qa.json
114,COPILOT QUICK ACTIONS,Controlled Copilot and Sevika,PASS,"Twelve validated command types, allowlisted analytical tools and local questions, evidence references, safe refusals; optional live HF/Groq uses approved anonymous numerical summaries; uploads require individual consent.",,services/copilot/; services/copilot/ui_commands.py; services/sevika.py; services/data_questions.py; services/ai_provider.py; components/sevika.py; views/data_tools.py,tests/test_copilot_commands.py; tests/test_sevika.py; tests/test_ai_provider.py; tests/test_parameter_comparison.py; tests/test_master_features.py; metadata/master_live_ai_qa.json; metadata/master_workflow_qa.json
115,COPILOT EVIDENCE PANEL,Controlled Copilot and Sevika,PASS,"Twelve validated command types, allowlisted analytical tools and local questions, evidence references, safe refusals; optional live HF/Groq uses approved anonymous numerical summaries; uploads require individual consent.",,services/copilot/; services/copilot/ui_commands.py; services/sevika.py; services/data_questions.py; services/ai_provider.py; components/sevika.py; views/data_tools.py,tests/test_copilot_commands.py; tests/test_sevika.py; tests/test_ai_provider.py; tests/test_parameter_comparison.py; tests/test_master_features.py; metadata/master_live_ai_qa.json; metadata/master_workflow_qa.json
116,COPILOT FAILURE BEHAVIOR,Controlled Copilot and Sevika,PASS,"Twelve validated command types, allowlisted analytical tools and local questions, evidence references, safe refusals; optional live HF/Groq uses approved anonymous numerical summaries; uploads require individual consent.",,services/copilot/; services/copilot/ui_commands.py; services/sevika.py; services/data_questions.py; services/ai_provider.py; components/sevika.py; views/data_tools.py,tests/test_copilot_commands.py; tests/test_sevika.py; tests/test_ai_provider.py; tests/test_parameter_comparison.py; tests/test_master_features.py; metadata/master_live_ai_qa.json; metadata/master_workflow_qa.json
117,TRUST / CAUSALITY RULES,Data privacy and integrity,PASS,Passwords/contact fields removed; formula-safe exports; fixed trusted models; no arbitrary execution; labelled demo preserved by explicit user instruction.,,services/privacy.py; services/verified_data.py; services/query_engine.py; scripts/security_audit.py,tests/test_master_features.py; tests/test_release_security.py; tests/test_release_edges.py
118,VISUALIZATION ENGINE,Interactive visual analysis,PASS,"25 chart types, up to 10 slots, prerequisites, card edits/duplication/order, exact tables, toolbar controls and source/schema/selection-checked settings.",,services/visualization_service.py; services/visualization_config.py; components/charts.py; components/chart_resize.js; views/visualizations.py,tests/test_visualizations.py; tests/test_master_features.py; metadata/chart_controls_qa.json; metadata/master_browser_qa.json
119,EXACT NUMBER DISPLAY,Interactive visual analysis,PASS,"25 chart types, up to 10 slots, prerequisites, card edits/duplication/order, exact tables, toolbar controls and source/schema/selection-checked settings.",,services/visualization_service.py; services/visualization_config.py; components/charts.py; components/chart_resize.js; views/visualizations.py,tests/test_visualizations.py; tests/test_master_features.py; metadata/chart_controls_qa.json; metadata/master_browser_qa.json
120,INTERACTIVE CHART BEHAVIOR,Interactive visual analysis,PASS,"25 chart types, up to 10 slots, prerequisites, card edits/duplication/order, exact tables, toolbar controls and source/schema/selection-checked settings.",,services/visualization_service.py; services/visualization_config.py; components/charts.py; components/chart_resize.js; views/visualizations.py,tests/test_visualizations.py; tests/test_master_features.py; metadata/chart_controls_qa.json; metadata/master_browser_qa.json
121,UI DESIGN SYSTEM,Preserved application and presentation,PASS,"Existing Python/Streamlit application, public/login/workspace UI, themes, grouped navigation and reduced motion preserved.",,app.py; components/app_shell.py; components/navigation.py; styles/; views/,tests/test_app.py; metadata/master_browser_qa.json; metadata/chart_controls_qa.json
122,EXECUTIVE COMMAND CENTER — UPGRADED LAYOUT,Preserved application and presentation,PASS,"Existing Python/Streamlit application, public/login/workspace UI, themes, grouped navigation and reduced motion preserved.",,app.py; components/app_shell.py; components/navigation.py; styles/; views/,tests/test_app.py; metadata/master_browser_qa.json; metadata/chart_controls_qa.json
123,ONE SCREEN = ONE DECISION,Preserved application and presentation,PASS,"Existing Python/Streamlit application, public/login/workspace UI, themes, grouped navigation and reduced motion preserved.",,app.py; components/app_shell.py; components/navigation.py; styles/; views/,tests/test_app.py; metadata/master_browser_qa.json; metadata/chart_controls_qa.json
124,VISUAL HIERARCHY,Preserved application and presentation,PASS,"Existing Python/Streamlit application, public/login/workspace UI, themes, grouped navigation and reduced motion preserved.",,app.py; components/app_shell.py; components/navigation.py; styles/; views/,tests/test_app.py; metadata/master_browser_qa.json; metadata/chart_controls_qa.json
125,REPORT GENERATION,Reports and exports,PASS,"Current-selection CSV/Excel/PDF, four-source executive brief with six management questions and evidence, exact coverage, safe formulas and role-gated downloads; all PDF pages rendered and inspected.",,services/export_service.py; services/analysis_report.py; services/executive_brief.py; components/secure_actions.py; views/reports.py; views/downloads.py,tests/test_verified_exports_views.py; tests/test_master_features.py; tests/test_executive_brief.py; metadata/master_data_qa.json; metadata/master_browser_qa.json; metadata/master_workflow_qa.json
126,EXECUTIVE BRIEFING,Evidence and decision analytics,PASS,"Observed momentum/acceleration, descriptive IQR anomalies with an explicit reference, severity-volume-exposure ranking, observed profit opportunities and reconciled additive-sales waterfall.",,services/decision_intelligence.py; services/comparison_service.py; services/data_questions.py; components/decision_context.py; views/changes.py,tests/test_master_features.py; tests/test_services.py; tests/test_final_polish.py; metadata/master_data_qa.json
127,AUDIT LOG,Access and resilience,PASS,Demo default; optional private PBKDF2 accounts and Admin/Analyst/Executive/Viewer server permissions; session audit; local/offline recovery.,,services/access_control.py; services/auth_service.py; services/audit_log.py; services/health_service.py; components/secure_actions.py,tests/test_master_features.py; tests/test_app.py; tests/test_release_edges.py; metadata/security_audit.json
128,DATA VERSIONING,Registry and safe data lab,PASS,"Validated project sources and session-only CSV/TSV/XLSX/JSON/Parquet imports, bounded profiling, field/filter controls and recovery states.",,services/upload_service.py; services/data_profile.py; services/dataset_catalog.py; views/uploads.py; PROJECT_INVENTORY.md,tests/test_master_features.py; tests/test_uploads.py; metadata/uploads_browser_qa.json
129,REPRODUCIBILITY,Executed verification and performance,PASS,"Full-suite tests, actual data/model reconciliation, browser/exports, final security and measured single-process performance. No multi-user SLA claimed.",,tests/; scripts/master_data_qa.py; scripts/master_browser_qa.py; scripts/security_audit.py; metadata/,metadata/master_regression_qa.json; metadata/master_data_qa.json; metadata/master_browser_qa.json; metadata/master_dependency_qa.json
130,PERFORMANCE ARCHITECTURE,Executed verification and performance,PASS,"Full-suite tests, actual data/model reconciliation, browser/exports, final security and measured single-process performance. No multi-user SLA claimed.",,tests/; scripts/master_data_qa.py; scripts/master_browser_qa.py; scripts/security_audit.py; metadata/,metadata/master_regression_qa.json; metadata/master_data_qa.json; metadata/master_browser_qa.json; metadata/master_dependency_qa.json
131,ERROR RESILIENCE,Access and resilience,PASS,Demo default; optional private PBKDF2 accounts and Admin/Analyst/Executive/Viewer server permissions; session audit; local/offline recovery.,,services/access_control.py; services/auth_service.py; services/audit_log.py; services/health_service.py; components/secure_actions.py,tests/test_master_features.py; tests/test_app.py; tests/test_release_edges.py; metadata/security_audit.json
132,OFFLINE / DEGRADED MODE,Access and resilience,PASS,Demo default; optional private PBKDF2 accounts and Admin/Analyst/Executive/Viewer server permissions; session audit; local/offline recovery.,,services/access_control.py; services/auth_service.py; services/audit_log.py; services/health_service.py; components/secure_actions.py,tests/test_master_features.py; tests/test_app.py; tests/test_release_edges.py; metadata/security_audit.json
133,PROJECT RULES / AGENT GUIDANCE,Registry and safe data lab,PASS,"Validated project sources and session-only CSV/TSV/XLSX/JSON/Parquet imports, bounded profiling, field/filter controls and recovery states.",,services/upload_service.py; services/data_profile.py; services/dataset_catalog.py; views/uploads.py; PROJECT_INVENTORY.md,tests/test_master_features.py; tests/test_uploads.py; metadata/uploads_browser_qa.json
134,NO-FABRICATION RULE FILE,Data privacy and integrity,PASS,Passwords/contact fields removed; formula-safe exports; fixed trusted models; no arbitrary execution; labelled demo preserved by explicit user instruction.,,services/privacy.py; services/verified_data.py; services/query_engine.py; scripts/security_audit.py,tests/test_master_features.py; tests/test_release_security.py; tests/test_release_edges.py
135,UI REFERENCE ASSET,Preserved application and presentation,PASS,"Existing Python/Streamlit application, public/login/workspace UI, themes, grouped navigation and reduced motion preserved.",,app.py; components/app_shell.py; components/navigation.py; styles/; views/,tests/test_app.py; metadata/master_browser_qa.json; metadata/chart_controls_qa.json
136,LANDING PAGE QUALITY BAR,Preserved application and presentation,PASS,"Existing Python/Streamlit application, public/login/workspace UI, themes, grouped navigation and reduced motion preserved.",,app.py; components/app_shell.py; components/navigation.py; styles/; views/,tests/test_app.py; metadata/master_browser_qa.json; metadata/chart_controls_qa.json
137,FINAL VISUAL QA LOOP,Executed verification and performance,PASS,"Full-suite tests, actual data/model reconciliation, browser/exports, final security and measured single-process performance. No multi-user SLA claimed.",,tests/; scripts/master_data_qa.py; scripts/master_browser_qa.py; scripts/security_audit.py; metadata/,metadata/master_regression_qa.json; metadata/master_data_qa.json; metadata/master_browser_qa.json; metadata/master_dependency_qa.json
138,FINAL QA ARTIFACTS,Executed verification and performance,PASS,"Full-suite tests, actual data/model reconciliation, browser/exports, final security and measured single-process performance. No multi-user SLA claimed.",,tests/; scripts/master_data_qa.py; scripts/master_browser_qa.py; scripts/security_audit.py; metadata/,metadata/master_regression_qa.json; metadata/master_data_qa.json; metadata/master_browser_qa.json; metadata/master_dependency_qa.json
139,FINAL ACCEPTANCE TEST MATRIX,Executed verification and performance,PASS,"Full-suite tests, actual data/model reconciliation, browser/exports, final security and measured single-process performance. No multi-user SLA claimed.",,tests/; scripts/master_data_qa.py; scripts/master_browser_qa.py; scripts/security_audit.py; metadata/,metadata/master_regression_qa.json; metadata/master_data_qa.json; metadata/master_browser_qa.json; metadata/master_dependency_qa.json
140,FINAL COMPLETION RULE,Execution/documentation requirement,PASS,Release evidence and partial requirements are documented. Local demonstration gates pass; the entire master specification is not certified complete.,,AGENTS.md; README.md; FINAL_IMPLEMENTATION_REPORT.md; scripts/master_release_audit.py,metadata/master_regression_qa.json; metadata/master_requirement_matrix.json
141,FINAL RESPONSE TO THE USER,Execution/documentation requirement,PASS,"Implemented work was inspected, integrated, verified and documented; limitations below prevent a blanket claim that all 199 sections are fully satisfied.",,AGENTS.md; README.md; FINAL_IMPLEMENTATION_REPORT.md; scripts/master_release_audit.py,metadata/master_regression_qa.json; metadata/master_requirement_matrix.json
142,EXECUTION ORDER — MANDATORY,Executed verification and performance,PASS,"Full-suite tests, actual data/model reconciliation, browser/exports, final security and measured single-process performance. No multi-user SLA claimed.",,tests/; scripts/master_data_qa.py; scripts/master_browser_qa.py; scripts/security_audit.py; metadata/,metadata/master_regression_qa.json; metadata/master_data_qa.json; metadata/master_browser_qa.json; metadata/master_dependency_qa.json
143,DO NOT STOP AFTER PHASE 1,Execution/documentation requirement,PASS,"Implemented work was inspected, integrated, verified and documented; limitations below prevent a blanket claim that all 199 sections are fully satisfied.",,AGENTS.md; README.md; FINAL_IMPLEMENTATION_REPORT.md; scripts/master_release_audit.py,metadata/master_regression_qa.json; metadata/master_requirement_matrix.json
144,DO NOT ASK FOR PERMISSION FOR NORMAL ENGINEERING WORK,Execution/documentation requirement,PASS,"Implemented work was inspected, integrated, verified and documented; limitations below prevent a blanket claim that all 199 sections are fully satisfied.",,AGENTS.md; README.md; FINAL_IMPLEMENTATION_REPORT.md; scripts/master_release_audit.py,metadata/master_regression_qa.json; metadata/master_requirement_matrix.json
145,PRESERVE EXISTING WORK,Preserved application and presentation,PASS,"Existing Python/Streamlit application, public/login/workspace UI, themes, grouped navigation and reduced motion preserved.",,app.py; components/app_shell.py; components/navigation.py; styles/; views/,tests/test_app.py; metadata/master_browser_qa.json; metadata/chart_controls_qa.json
146,CODE QUALITY,Executed verification and performance,PASS,"Full-suite tests, actual data/model reconciliation, browser/exports, final security and measured single-process performance. No multi-user SLA claimed.",,tests/; scripts/master_data_qa.py; scripts/master_browser_qa.py; scripts/security_audit.py; metadata/,metadata/master_regression_qa.json; metadata/master_data_qa.json; metadata/master_browser_qa.json; metadata/master_dependency_qa.json
147,ANALYTICAL FUNCTION CONTRACTS,Evidence and decision analytics,PASS,"Observed momentum/acceleration, descriptive IQR anomalies with an explicit reference, severity-volume-exposure ranking, observed profit opportunities and reconciled additive-sales waterfall.",,services/decision_intelligence.py; services/comparison_service.py; services/data_questions.py; components/decision_context.py; views/changes.py,tests/test_master_features.py; tests/test_services.py; tests/test_final_polish.py; metadata/master_data_qa.json
148,COPILOT MUST USE THE SAME ANALYTICS ENGINE,Controlled Copilot and Sevika,PASS,"Twelve validated command types, allowlisted analytical tools and local questions, evidence references, safe refusals; optional live HF/Groq uses approved anonymous numerical summaries; uploads require individual consent.",,services/copilot/; services/copilot/ui_commands.py; services/sevika.py; services/data_questions.py; services/ai_provider.py; components/sevika.py; views/data_tools.py,tests/test_copilot_commands.py; tests/test_sevika.py; tests/test_ai_provider.py; tests/test_parameter_comparison.py; tests/test_master_features.py; metadata/master_live_ai_qa.json; metadata/master_workflow_qa.json
149,SINGLE SOURCE OF TRUTH,Execution/documentation requirement,PASS,"Implemented work was inspected, integrated, verified and documented; limitations below prevent a blanket claim that all 199 sections are fully satisfied.",,AGENTS.md; README.md; FINAL_IMPLEMENTATION_REPORT.md; scripts/master_release_audit.py,metadata/master_regression_qa.json; metadata/master_requirement_matrix.json
150,FINAL COMMAND,Execution/documentation requirement,PASS,Release evidence and partial requirements are documented. Local demonstration gates pass; the entire master specification is not certified complete.,,AGENTS.md; README.md; FINAL_IMPLEMENTATION_REPORT.md; scripts/master_release_audit.py,metadata/master_regression_qa.json; metadata/master_requirement_matrix.json
151,"FINAL EXECUTION, VERIFICATION, SECURITY, UX AND RELEASE GATE",Executed verification and performance,PASS,"Full-suite tests, actual data/model reconciliation, browser/exports, final security and measured single-process performance. No multi-user SLA claimed.",,tests/; scripts/master_data_qa.py; scripts/master_browser_qa.py; scripts/security_audit.py; metadata/,metadata/master_regression_qa.json; metadata/master_data_qa.json; metadata/master_browser_qa.json; metadata/master_dependency_qa.json
152,FINAL FAST-IMPLEMENTATION + INTEGRITY + SMOOTHNESS GATE,Executed verification and performance,PASS,"Full-suite tests, actual data/model reconciliation, browser/exports, final security and measured single-process performance. No multi-user SLA claimed.",,tests/; scripts/master_data_qa.py; scripts/master_browser_qa.py; scripts/security_audit.py; metadata/,metadata/master_regression_qa.json; metadata/master_data_qa.json; metadata/master_browser_qa.json; metadata/master_dependency_qa.json
153,FINAL EXECUTION AGREEMENT,Execution/documentation requirement,PASS,Release evidence and partial requirements are documented. Local demonstration gates pass; the entire master specification is not certified complete.,,AGENTS.md; README.md; FINAL_IMPLEMENTATION_REPORT.md; scripts/master_release_audit.py,metadata/master_regression_qa.json; metadata/master_requirement_matrix.json
154,CODEX-ONLY FINAL ENGINEERING EXECUTION CONTRACT,Execution/documentation requirement,PASS,Release evidence and partial requirements are documented. Local demonstration gates pass; the entire master specification is not certified complete.,,AGENTS.md; README.md; FINAL_IMPLEMENTATION_REPORT.md; scripts/master_release_audit.py,metadata/master_regression_qa.json; metadata/master_requirement_matrix.json
155,"CODEX OPERATING MODE — INSPECT, BUILD, RUN, FIX, VERIFY",Executed verification and performance,PASS,"Full-suite tests, actual data/model reconciliation, browser/exports, final security and measured single-process performance. No multi-user SLA claimed.",,tests/; scripts/master_data_qa.py; scripts/master_browser_qa.py; scripts/security_audit.py; metadata/,metadata/master_regression_qa.json; metadata/master_data_qa.json; metadata/master_browser_qa.json; metadata/master_dependency_qa.json
156,CODE QUALITY CONTRACT,Executed verification and performance,PASS,"Full-suite tests, actual data/model reconciliation, browser/exports, final security and measured single-process performance. No multi-user SLA claimed.",,tests/; scripts/master_data_qa.py; scripts/master_browser_qa.py; scripts/security_audit.py; metadata/,metadata/master_regression_qa.json; metadata/master_data_qa.json; metadata/master_browser_qa.json; metadata/master_dependency_qa.json
157,ALL-PAGES SMOOTH UI / ANIMATION SYSTEM,Preserved application and presentation,PASS,"Existing Python/Streamlit application, public/login/workspace UI, themes, grouped navigation and reduced motion preserved.",,app.py; components/app_shell.py; components/navigation.py; styles/; views/,tests/test_app.py; metadata/master_browser_qa.json; metadata/chart_controls_qa.json
158,VISUAL CONSISTENCY CONTRACT FOR EVERY PAGE,Preserved application and presentation,PASS,"Existing Python/Streamlit application, public/login/workspace UI, themes, grouped navigation and reduced motion preserved.",,app.py; components/app_shell.py; components/navigation.py; styles/; views/,tests/test_app.py; metadata/master_browser_qa.json; metadata/chart_controls_qa.json
159,COLLEGE DEMONSTRATION MODE — IMPRESSIVE BUT HONEST,Preserved application and presentation,PASS,"Existing Python/Streamlit application, public/login/workspace UI, themes, grouped navigation and reduced motion preserved.",,app.py; components/app_shell.py; components/navigation.py; styles/; views/,tests/test_app.py; metadata/master_browser_qa.json; metadata/chart_controls_qa.json
160,CODEX VISUAL QA PASS,Preserved application and presentation,PASS,"Existing Python/Streamlit application, public/login/workspace UI, themes, grouped navigation and reduced motion preserved.",,app.py; components/app_shell.py; components/navigation.py; styles/; views/,tests/test_app.py; metadata/master_browser_qa.json; metadata/chart_controls_qa.json
161,CODEX SECURITY PASS — FINAL AFTER ALL CODE CHANGES,Data privacy and integrity,PASS,Passwords/contact fields removed; formula-safe exports; fixed trusted models; no arbitrary execution; labelled demo preserved by explicit user instruction.,,services/privacy.py; services/verified_data.py; services/query_engine.py; scripts/security_audit.py,tests/test_master_features.py; tests/test_release_security.py; tests/test_release_edges.py
162,DATA INTEGRITY FINAL GATE,Data privacy and integrity,PASS,Passwords/contact fields removed; formula-safe exports; fixed trusted models; no arbitrary execution; labelled demo preserved by explicit user instruction.,,services/privacy.py; services/verified_data.py; services/query_engine.py; scripts/security_audit.py,tests/test_master_features.py; tests/test_release_security.py; tests/test_release_edges.py
163,FINAL CODEX TEST MATRIX,Executed verification and performance,PASS,"Full-suite tests, actual data/model reconciliation, browser/exports, final security and measured single-process performance. No multi-user SLA claimed.",,tests/; scripts/master_data_qa.py; scripts/master_browser_qa.py; scripts/security_audit.py; metadata/,metadata/master_regression_qa.json; metadata/master_data_qa.json; metadata/master_browser_qa.json; metadata/master_dependency_qa.json
164,FAILURE RECOVERY RULES,Access and resilience,PASS,Demo default; optional private PBKDF2 accounts and Admin/Analyst/Executive/Viewer server permissions; session audit; local/offline recovery.,,services/access_control.py; services/auth_service.py; services/audit_log.py; services/health_service.py; components/secure_actions.py,tests/test_master_features.py; tests/test_app.py; tests/test_release_edges.py; metadata/security_audit.json
165,FINAL RELEASE CHECKLIST,Execution/documentation requirement,PASS,Release evidence and partial requirements are documented. Local demonstration gates pass; the entire master specification is not certified complete.,,AGENTS.md; README.md; FINAL_IMPLEMENTATION_REPORT.md; scripts/master_release_audit.py,metadata/master_regression_qa.json; metadata/master_requirement_matrix.json
166,FINAL CODEX REPORT — REQUIRED,Execution/documentation requirement,PASS,Release evidence and partial requirements are documented. Local demonstration gates pass; the entire master specification is not certified complete.,,AGENTS.md; README.md; FINAL_IMPLEMENTATION_REPORT.md; scripts/master_release_audit.py,metadata/master_regression_qa.json; metadata/master_requirement_matrix.json
167,FINAL COMMAND TO CODEX,Execution/documentation requirement,PASS,Release evidence and partial requirements are documented. Local demonstration gates pass; the entire master specification is not certified complete.,,AGENTS.md; README.md; FINAL_IMPLEMENTATION_REPORT.md; scripts/master_release_audit.py,metadata/master_regression_qa.json; metadata/master_requirement_matrix.json
168,FINAL WINNING FEATURE — UNIVERSAL USER DATA INTELLIGENCE LAB,Registry and safe data lab,PASS,"Validated project sources and session-only CSV/TSV/XLSX/JSON/Parquet imports, bounded profiling, field/filter controls and recovery states.",,services/upload_service.py; services/data_profile.py; services/dataset_catalog.py; views/uploads.py; PROJECT_INVENTORY.md,tests/test_master_features.py; tests/test_uploads.py; metadata/uploads_browser_qa.json
169,USER UPLOAD WORKFLOW — COMPLETE IMPLEMENTATION,Registry and safe data lab,PASS,"Validated project sources and session-only CSV/TSV/XLSX/JSON/Parquet imports, bounded profiling, field/filter controls and recovery states.",,services/upload_service.py; services/data_profile.py; services/dataset_catalog.py; views/uploads.py; PROJECT_INVENTORY.md,tests/test_master_features.py; tests/test_uploads.py; metadata/uploads_browser_qa.json
170,OPTION A — USER DATA THROUGH EXISTING TRAINED MODELS,Actual data and trained models,PASS,"Four fixed model adapters, exact contracts/thresholds, compatibility states, supplied scores, model metadata, guarded inference and non-causal scenarios.",,services/inference_service.py; services/demand_inference.py; services/profitability_inference.py; services/final_delivery_inference.py; views/,tests/test_inference_service.py; tests/test_demand_inference.py; tests/test_profitability.py; tests/test_final_delivery.py; metadata/master_data_qa.json
171,MODEL-BASED USER DATA ANALYTICS,Actual data and trained models,PASS,"Four fixed model adapters, exact contracts/thresholds, compatibility states, supplied scores, model metadata, guarded inference and non-causal scenarios.",,services/inference_service.py; services/demand_inference.py; services/profitability_inference.py; services/final_delivery_inference.py; views/,tests/test_inference_service.py; tests/test_demand_inference.py; tests/test_profitability.py; tests/test_final_delivery.py; metadata/master_data_qa.json
172,OPTION B — RAW DATA ANALYTICS / VISUALIZATION LAB,Registry and safe data lab,PASS,"Validated project sources and session-only CSV/TSV/XLSX/JSON/Parquet imports, bounded profiling, field/filter controls and recovery states.",,services/upload_service.py; services/data_profile.py; services/dataset_catalog.py; views/uploads.py; PROJECT_INVENTORY.md,tests/test_master_features.py; tests/test_uploads.py; metadata/uploads_browser_qa.json
173,RAW DATA VISUALIZATION ENGINE — 10+ CHART OPTIONS,Interactive visual analysis,PASS,"25 chart types, up to 10 slots, prerequisites, card edits/duplication/order, exact tables, toolbar controls and source/schema/selection-checked settings.",,services/visualization_service.py; services/visualization_config.py; components/charts.py; components/chart_resize.js; views/visualizations.py,tests/test_visualizations.py; tests/test_master_features.py; metadata/chart_controls_qa.json; metadata/master_browser_qa.json
174,INTERACTIVE VISUALIZATION CONTROLS,Interactive visual analysis,PASS,"25 chart types, up to 10 slots, prerequisites, card edits/duplication/order, exact tables, toolbar controls and source/schema/selection-checked settings.",,services/visualization_service.py; services/visualization_config.py; components/charts.py; components/chart_resize.js; views/visualizations.py,tests/test_visualizations.py; tests/test_master_features.py; metadata/chart_controls_qa.json; metadata/master_browser_qa.json
175,SMART VISUALIZATION RECOMMENDATIONS,Registry and safe data lab,PASS,"Validated project sources and session-only CSV/TSV/XLSX/JSON/Parquet imports, bounded profiling, field/filter controls and recovery states.",,services/upload_service.py; services/data_profile.py; services/dataset_catalog.py; views/uploads.py; PROJECT_INVENTORY.md,tests/test_master_features.py; tests/test_uploads.py; metadata/uploads_browser_qa.json
176,NATURAL-LANGUAGE DATA ANALYSIS FOR USER DATA,Controlled Copilot and Sevika,PASS,"Twelve validated command types, allowlisted analytical tools and local questions, evidence references, safe refusals; optional live HF/Groq uses approved anonymous numerical summaries; uploads require individual consent.",,services/copilot/; services/copilot/ui_commands.py; services/sevika.py; services/data_questions.py; services/ai_provider.py; components/sevika.py; views/data_tools.py,tests/test_copilot_commands.py; tests/test_sevika.py; tests/test_ai_provider.py; tests/test_parameter_comparison.py; tests/test_master_features.py; metadata/master_live_ai_qa.json; metadata/master_workflow_qa.json
177,OPTION C — EXISTING DATA VISUALIZATION STUDIO,Interactive visual analysis,PASS,"25 chart types, up to 10 slots, prerequisites, card edits/duplication/order, exact tables, toolbar controls and source/schema/selection-checked settings.",,services/visualization_service.py; services/visualization_config.py; components/charts.py; components/chart_resize.js; views/visualizations.py,tests/test_visualizations.py; tests/test_master_features.py; metadata/chart_controls_qa.json; metadata/master_browser_qa.json
178,VISUALIZATION STUDIO — MULTI-CHART DASHBOARD,Interactive visual analysis,PASS,"25 chart types, up to 10 slots, prerequisites, card edits/duplication/order, exact tables, toolbar controls and source/schema/selection-checked settings.",,services/visualization_service.py; services/visualization_config.py; components/charts.py; components/chart_resize.js; views/visualizations.py,tests/test_visualizations.py; tests/test_master_features.py; metadata/chart_controls_qa.json; metadata/master_browser_qa.json
179,EXISTING DATASET COMPARISON / CROSS-DATASET ANALYSIS,Relationships and supported geography,PASS,Null/type/cardinality/coverage validation; one-to-one joins and explicit child aggregation; separate grains; maps require supplied valid coordinates.,,services/relationships.py; services/profitability_data.py; views/data_tools.py; views/geography.py,tests/test_master_features.py; tests/test_final_delivery.py; metadata/master_data_qa.json
180,SAVED VISUALIZATION WORKSPACES,Interactive visual analysis,PASS,"25 chart types, up to 10 slots, prerequisites, card edits/duplication/order, exact tables, toolbar controls and source/schema/selection-checked settings.",,services/visualization_service.py; services/visualization_config.py; components/charts.py; components/chart_resize.js; views/visualizations.py,tests/test_visualizations.py; tests/test_master_features.py; metadata/chart_controls_qa.json; metadata/master_browser_qa.json
181,DATA EXPORTS FROM USER ANALYTICS,Reports and exports,PASS,"Current-selection CSV/Excel/PDF, four-source executive brief with six management questions and evidence, exact coverage, safe formulas and role-gated downloads; all PDF pages rendered and inspected.",,services/export_service.py; services/analysis_report.py; services/executive_brief.py; components/secure_actions.py; views/reports.py; views/downloads.py,tests/test_verified_exports_views.py; tests/test_master_features.py; tests/test_executive_brief.py; metadata/master_data_qa.json; metadata/master_browser_qa.json; metadata/master_workflow_qa.json
182,USER DATA PRIVACY AND ISOLATION,Registry and safe data lab,PASS,"Validated project sources and session-only CSV/TSV/XLSX/JSON/Parquet imports, bounded profiling, field/filter controls and recovery states.",,services/upload_service.py; services/data_profile.py; services/dataset_catalog.py; views/uploads.py; PROJECT_INVENTORY.md,tests/test_master_features.py; tests/test_uploads.py; metadata/uploads_browser_qa.json
183,UNIVERSAL DATA ANALYTICS EMPTY / FAILURE STATES,Registry and safe data lab,PASS,"Validated project sources and session-only CSV/TSV/XLSX/JSON/Parquet imports, bounded profiling, field/filter controls and recovery states.",,services/upload_service.py; services/data_profile.py; services/dataset_catalog.py; views/uploads.py; PROJECT_INVENTORY.md,tests/test_master_features.py; tests/test_uploads.py; metadata/uploads_browser_qa.json
184,UNIVERSAL DATA LAB PERFORMANCE REQUIREMENTS,Executed verification and performance,PASS,"Full-suite tests, actual data/model reconciliation, browser/exports, final security and measured single-process performance. No multi-user SLA claimed.",,tests/; scripts/master_data_qa.py; scripts/master_browser_qa.py; scripts/security_audit.py; metadata/,metadata/master_regression_qa.json; metadata/master_data_qa.json; metadata/master_browser_qa.json; metadata/master_dependency_qa.json
185,UNIVERSAL DATA LAB UI/UX,Registry and safe data lab,PASS,"Validated project sources and session-only CSV/TSV/XLSX/JSON/Parquet imports, bounded profiling, field/filter controls and recovery states.",,services/upload_service.py; services/data_profile.py; services/dataset_catalog.py; views/uploads.py; PROJECT_INVENTORY.md,tests/test_master_features.py; tests/test_uploads.py; metadata/uploads_browser_qa.json
186,DATASET SELECTOR — ALL EXISTING PROJECT DATA,Registry and safe data lab,PASS,"Validated project sources and session-only CSV/TSV/XLSX/JSON/Parquet imports, bounded profiling, field/filter controls and recovery states.",,services/upload_service.py; services/data_profile.py; services/dataset_catalog.py; views/uploads.py; PROJECT_INVENTORY.md,tests/test_master_features.py; tests/test_uploads.py; metadata/uploads_browser_qa.json
187,FINAL FEATURE INTEGRATION — COMMAND CENTER,Interactive visual analysis,PASS,"25 chart types, up to 10 slots, prerequisites, card edits/duplication/order, exact tables, toolbar controls and source/schema/selection-checked settings.",,services/visualization_service.py; services/visualization_config.py; components/charts.py; components/chart_resize.js; views/visualizations.py,tests/test_visualizations.py; tests/test_master_features.py; metadata/chart_controls_qa.json; metadata/master_browser_qa.json
188,COPILOT INTEGRATION FOR BOTH PROJECT AND USER DATA,Controlled Copilot and Sevika,PASS,"Twelve validated command types, allowlisted analytical tools and local questions, evidence references, safe refusals; optional live HF/Groq uses approved anonymous numerical summaries; uploads require individual consent.",,services/copilot/; services/copilot/ui_commands.py; services/sevika.py; services/data_questions.py; services/ai_provider.py; components/sevika.py; views/data_tools.py,tests/test_copilot_commands.py; tests/test_sevika.py; tests/test_ai_provider.py; tests/test_parameter_comparison.py; tests/test_master_features.py; metadata/master_live_ai_qa.json; metadata/master_workflow_qa.json
189,TEST MATRIX — NEW USER DATA FEATURES,Executed verification and performance,PASS,"Full-suite tests, actual data/model reconciliation, browser/exports, final security and measured single-process performance. No multi-user SLA claimed.",,tests/; scripts/master_data_qa.py; scripts/master_browser_qa.py; scripts/security_audit.py; metadata/,metadata/master_regression_qa.json; metadata/master_data_qa.json; metadata/master_browser_qa.json; metadata/master_dependency_qa.json
190,FULL REGRESSION AFTER NEW FEATURE,Executed verification and performance,PASS,"Full-suite tests, actual data/model reconciliation, browser/exports, final security and measured single-process performance. No multi-user SLA claimed.",,tests/; scripts/master_data_qa.py; scripts/master_browser_qa.py; scripts/security_audit.py; metadata/,metadata/master_regression_qa.json; metadata/master_data_qa.json; metadata/master_browser_qa.json; metadata/master_dependency_qa.json
191,FINAL DATA INTEGRITY GATE — NEW FEATURES,Data privacy and integrity,PASS,Passwords/contact fields removed; formula-safe exports; fixed trusted models; no arbitrary execution; labelled demo preserved by explicit user instruction.,,services/privacy.py; services/verified_data.py; services/query_engine.py; scripts/security_audit.py,tests/test_master_features.py; tests/test_release_security.py; tests/test_release_edges.py
192,FINAL PERFORMANCE + SMOOTHNESS GATE,Executed verification and performance,PASS,"Full-suite tests, actual data/model reconciliation, browser/exports, final security and measured single-process performance. No multi-user SLA claimed.",,tests/; scripts/master_data_qa.py; scripts/master_browser_qa.py; scripts/security_audit.py; metadata/,metadata/master_regression_qa.json; metadata/master_data_qa.json; metadata/master_browser_qa.json; metadata/master_dependency_qa.json
193,FINAL SECURITY RECHECK AFTER USER-DATA FEATURES,Data privacy and integrity,PASS,Passwords/contact fields removed; formula-safe exports; fixed trusted models; no arbitrary execution; labelled demo preserved by explicit user instruction.,,services/privacy.py; services/verified_data.py; services/query_engine.py; scripts/security_audit.py,tests/test_master_features.py; tests/test_release_security.py; tests/test_release_edges.py
194,FINAL FEATURE TRACEABILITY ADDITION,Execution/documentation requirement,PASS,Release evidence and partial requirements are documented. Local demonstration gates pass; the entire master specification is not certified complete.,,AGENTS.md; README.md; FINAL_IMPLEMENTATION_REPORT.md; scripts/master_release_audit.py,metadata/master_regression_qa.json; metadata/master_requirement_matrix.json
195,FINAL CODEX EXECUTION PRIORITY — FAST BUT COMPLETE,Execution/documentation requirement,PASS,"Implemented work was inspected, integrated, verified and documented; limitations below prevent a blanket claim that all 199 sections are fully satisfied.",,AGENTS.md; README.md; FINAL_IMPLEMENTATION_REPORT.md; scripts/master_release_audit.py,metadata/master_regression_qa.json; metadata/master_requirement_matrix.json
196,FINAL RELEASE COMMAND — AFTER ALL NEW FEATURES,Execution/documentation requirement,PASS,Release evidence and partial requirements are documented. Local demonstration gates pass; the entire master specification is not certified complete.,,AGENTS.md; README.md; FINAL_IMPLEMENTATION_REPORT.md; scripts/master_release_audit.py,metadata/master_regression_qa.json; metadata/master_requirement_matrix.json
197,FINAL ACCEPTANCE CRITERIA — COMPLETE PLATFORM,Execution/documentation requirement,PASS,Release evidence and partial requirements are documented. Local demonstration gates pass; the entire master specification is not certified complete.,,AGENTS.md; README.md; FINAL_IMPLEMENTATION_REPORT.md; scripts/master_release_audit.py,metadata/master_regression_qa.json; metadata/master_requirement_matrix.json
198,FINAL MASTER DIRECTIVE — LAST INSTRUCTION TO CODEX,Execution/documentation requirement,PASS,Release evidence and partial requirements are documented. Local demonstration gates pass; the entire master specification is not certified complete.,,AGENTS.md; README.md; FINAL_IMPLEMENTATION_REPORT.md; scripts/master_release_audit.py,metadata/master_regression_qa.json; metadata/master_requirement_matrix.json
